id,prompt,answer,output,category,predicted,correct,minlogprob
01ef1e3e,"In Alice's Wonderland, a secret set of transformation rules is applied to equations. Below are a few examples:
'(-^} = }`
}'-]` = `<
[/*^< = /([
^}*'< = ^`['
^]*}] = ][(`
Now, determine the result for: ''+`!",[](,"We need to infer the transformation rule from the examples.
I will put my final answer inside .

【'(-^}】 = 【}`】
  input: 【'】【(】【-】【^】【}】
  left:【'】【(】
  operator: 【-】
  right:【^】【}】
  output: 【}】【`】
  concatenation: 【'】【(】【^】【}】 mismatch
  reverse concatenation: 【^】【}】【'】【(】 mismatch
  operator: 【-】unknown

【}'-]`】 = 【`<】
  input: 【}】【'】【-】【]】【`】
  left:【}】【'】
  operator: 【-】
  right:【]】【`】
  output: 【<】【`】
  concatenation: 【}】【'】【]】【`】 mismatch
  reverse concatenation: 【]】【`】【}】【'】 mismatch
  operator: 【-】unknown

【[/*^<】 = 【/(】
  input: 【[】【/】【*】【^】【<】
  left:【[】【/】
  operator: 【*】
  right:【^】【<】
  output: 【/】【(】
  concatenation: 【[】【/】【^】【<】 mismatch
  reverse concatenation: 【^】【<】【[】【/】 mismatch
  operator: 【*】unknown

【^}*'<】 = 【^`['】
  input: 【^】【}】【*】【'】【<】
  left:【^】【}】
  operator: 【*】
  right:【'】【<】
  output: 【^】【`】【[】【'】
  concatenation: 【^】【}】【'】【<】 mismatch
  reverse concatenation: 【'】【<】【^】【}】 mismatch
  operator: 【*】unknown

【^]*}】 = 【][(】
  input: 【^】【]】【*】【}】【`】
  left:【^】【]】
  operator: 【*】
  right:【}】【`】
  output: 【]】【[】【(】
  concatenation: 【^】【]】【}】【`】 mismatch
  reverse concatenation: 【}】【`】【^】【]】 mismatch
  operator: 【*】unknown

Question【''+`!】
  input: 【'】【'】【+】【`】【!】
  left:【'】【'】
  operator:【+】
  right:【`】【!】

The question operator is 【+】, which is unknown.
As the question operator is unknown, we default to concatenation.

  concatenation(【'】【'】, 【`】【!】) = 【'】【'】【`】【!】
  output: 【''`!】-> 【{''`!}】

I will now return the answer in 
The answer in  is 
</think>
</think>
\boxed{''`!}",cryptarithm_guess,''`!,False,-0.7622003555297852
02902eb3,"In Alice's Wonderland, a secret set of transformation rules is applied to equations. Below are a few examples:
!&*%% = }%>%
%&-/> = $)
$]*&& = }&&}
Now, determine the result for: !!+$>",>/,"We need to infer the transformation rule from the examples.
I will put my final answer inside .

【!&*%%】 = 【}%>%】
  input: 【!】【&】【*】【%】【%】
  left:【!】【&】
  operator: 【*】
  right:【%】【%】
  output: 【}】【%】【>】【%】
  concatenation: 【!】【&】【%】【%】 mismatch
  reverse concatenation: 【%】【%】【!】【&】 mismatch
  operator: 【*】unknown

【%&-/>】 = 【$)】
  input: 【%】【&】【-】【/】【>】
  left:【%】【&】
  operator: 【-】
  right:【/】【>】
  output: 【$】【)】
  concatenation: 【%】【&】【/】【>】 mismatch
  reverse concatenation: 【/】【>】【%】【&】 mismatch
  operator: 【-】unknown

【$]*&&】 = 【}&&}】
  input: 【$】【]】【*】【&】【&】
  left:【$】【]】
  operator: 【*】
  right:【&】【&】
  output: 【}】【&】【&】【}】
  concatenation: 【$】【]】【&】【&】 mismatch
  reverse concatenation: 【&】【&】【$】【]】 mismatch
  operator: 【*】unknown

Question【!!+$>】
  input: 【!】【!】【+】【$】【>】
  left:【!】【!】
  operator:【+】
  right:【$】【>】

The question operator is 【+】, which is unknown.
As the question operator is unknown, we default to concatenation.

  concatenation(【!】【!】, 【$】【>】) = 【!】【!】【$】【>】
  output: 【!!$>】-> 【{!!$>}】

I will now return the answer in 
The answer in  is 
</think>
</think>
\boxed{!!$>}",cryptarithm_guess,!!$>,False,-0.142708882689476
02e871e4,"In Alice's Wonderland, a secret set of transformation rules is applied to equations. Below are a few examples:
$?+?# = ^#'
>^+/^ = >#
'#*]< = ]</$
]\+<> = ^]'
Now, determine the result for: \]-]#",$',"We need to infer the transformation rule from the examples.
I will put my final answer inside .

【$?+?#】 = 【^#'】
  input: 【$】【?】【+】【?】【#】
  left:【$】【?】
  operator: 【+】
  right:【?】【#】
  output: 【^】【#】【'】
  concatenation: 【$】【?】【?】【#】 mismatch
  reverse concatenation: 【?】【#】【$】【?】 mismatch
  operator: 【+】unknown

【>^+/^】 = 【>#】
  input: 【>】【^】【+】【/】【^】
  left:【>】【^】
  operator: 【+】
  right:【/】【^】
  output: 【>】【#】
  concatenation: 【>】【^】【/】【^】 mismatch
  reverse concatenation: 【/】【^】【>】【^】 mismatch
  operator: 【+】unknown

【'#*]<】 = 【]</$】
  input: 【'】【#】【*】【]】【<】
  left:【'】【#】
  operator: 【*】
  right:【]】【<】
  output: 【]】【<】【/】【$】
  concatenation: 【'】【#】【]】【<】 mismatch
  reverse concatenation: 【]】【<】【'】【#】 mismatch
  operator: 【*】unknown

【]\+<>】 = 【^]'】
  input: 【]】【\】【+】【<】【>】
  left:【]】【\】
  operator: 【+】
  right:【<】【>】
  output: 【^】【]】【'】
  concatenation: 【]】【\】【<】【>】 mismatch
  reverse concatenation: 【<】【>】【]】【\】 mismatch
  operator: 【+】unknown

Question【\]-]#】
  input: 【\】【]】【-】【]】【#】
  left:【\】【]】
  operator:【-】
  right:【]】【#】

The question operator is 【-】, which is unknown.
As the question operator is unknown, we default to concatenation.

  concatenation(【\】【]】, 【]】【#】) = 【\】【]】【]】【#】
  output: 【\]]#】-> 【{\\]]#}】

I will now return the answer in 
The answer in  is 
</think>
</think>
\boxed{\\]]#}",cryptarithm_guess,\\]]#,False,-0.7610523700714111
055a8b01,"In Alice's Wonderland, a secret set of transformation rules is applied to equations. Below are a few examples:
<#*|< = <//'
<|*$| = <<|/
$#+/` = ??
/{+?? = /(`
'(*|# = {{?(
Now, determine the result for: //-/$",',"We need to infer the transformation rule from the examples.
I will put my final answer inside .

【<#*|<】 = 【<//'】
  input: 【<】【#】【*】【|】【<】
  left:【<】【#】
  operator: 【*】
  right:【|】【<】
  output: 【<】【/】【/】【'】
  concatenation: 【<】【#】【|】【<】 mismatch
  reverse concatenation: 【|】【<】【<】【#】 mismatch
  operator: 【*】unknown

【<|*$|】 = 【<<|/】
  input: 【<】【|】【*】【$】【|】
  left:【<】【|】
  operator: 【*】
  right:【$】【|】
  output: 【<】【<】【|】【/】
  concatenation: 【<】【|】【$】【|】 mismatch
  reverse concatenation: 【$】【|】【<】【|】 mismatch
  operator: 【*】unknown

【$#+/`】 = 【??】
  input: 【$】【#】【+】【/】【`】
  left:【$】【#】
  operator: 【+】
  right:【/】【`】
  output: 【?】【?】
  concatenation: 【$】【#】【/】【`】 mismatch
  reverse concatenation: 【/】【`】【$】【#】 mismatch
  operator: 【+】unknown

【/{+??】 = 【/(`】
  input: 【/】【{】【+】【?】【?】
  left:【/】【{】
  operator: 【+】
  right:【?】【?】
  output: 【/】【(】【`】
  concatenation: 【/】【{】【?】【?】 mismatch
  reverse concatenation: 【?】【?】【/】【{】 mismatch
  operator: 【+】unknown

【'(*|#】 = 【{{?(】
  input: 【'】【(】【*】【|】【#】
  left:【'】【(】
  operator: 【*】
  right:【|】【#】
  output: 【{】【{】【?】【(】
  concatenation: 【'】【(】【|】【#】 mismatch
  reverse concatenation: 【|】【#】【'】【(】 mismatch
  operator: 【*】unknown

Question【//-/$】
  input: 【/】【/】【-】【/】【$】
  left:【/】【/】
  operator:【-】
  right:【/】【$】

The question operator is 【-】, which is unknown.
As the question operator is unknown, we default to concatenation.

  concatenation(【/】【/】, 【/】【$】) = 【/】【/】【/】【$】
  output: 【///$】-> 【{///$}】

I will now return the answer in 
The answer in  is 
</think>
</think>
\boxed{///$}",cryptarithm_guess,///$,False,-0.6255806684494019
0625f633,"In Alice's Wonderland, a secret set of transformation rules is applied to equations. Below are a few examples:
)'-\^ = ^$
:$+// = @^
()+$\ = ^'
\!+/( = /'
Now, determine the result for: ))*!(",@@//,"We need to infer the transformation rule from the examples.
I will put my final answer inside .

【)'-\^】 = 【^$】
  input: 【)】【'】【-】【\】【^】
  left:【)】【'】
  operator: 【-】
  right:【\】【^】
  output: 【^】【$】
  concatenation: 【)】【'】【\】【^】 mismatch
  reverse concatenation: 【\】【^】【)】【'】 mismatch
  operator: 【-】unknown

【:$+//】 = 【@^】
  input: 【:】【$】【+】【/】【/】
  left:【:】【$】
  operator: 【+】
  right:【/】【/】
  output: 【@】【^】
  concatenation: 【:】【$】【/】【/】 mismatch
  reverse concatenation: 【/】【/】【:】【$】 mismatch
  operator: 【+】unknown

【()+$\】 = 【^'】
  input: 【(】【)】【+】【$】【\】
  left:【(】【)】
  operator: 【+】
  right:【$】【\】
  output: 【^】【'】
  concatenation: 【(】【)】【$】【\】 mismatch
  reverse concatenation: 【$】【\】【(】【)】 mismatch
  operator: 【+】unknown

【\!+/(】 = 【/'】
  input: 【\】【!】【+】【/】【(】
  left:【\】【!】
  operator: 【+】
  right:【/】【(】
  output: 【/】【'】
  concatenation: 【\】【!】【/】【(】 mismatch
  reverse concatenation: 【/】【(】【\】【!】 mismatch
  operator: 【+】unknown

Question【))*!(】
  input: 【)】【)】【*】【!】【(】
  left:【)】【)】
  operator:【*】
  right:【!】【(】

The question operator is 【*】, which is unknown.
As the question operator is unknown, we default to concatenation.

  concatenation(【)】【)】, 【!】【(】) = 【)】【)】【!】【(】
  output: 【))!(】-> 【{))!(}】

I will now return the answer in 
The answer in  is 
</think>
</think>
\boxed{))!(}",cryptarithm_guess,))!(,False,-0.48135823011398315
0bb591e6,"In Alice's Wonderland, a secret set of transformation rules is applied to equations. Below are a few examples:
)(-)( = ""
&(-(( = <
$(-(% = )<
<%-%$ = ??
Now, determine the result for: ""$+%%",%?<,"We need to infer the transformation rule from the examples.
I will put my final answer inside .

【)(-)(】 = 【""】
  input: 【)】【(】【-】【)】【(】
  left:【)】【(】
  operator: 【-】
  right:【)】【(】
  output: 【""】
  concatenation: 【)】【(】【)】【(】 mismatch
  reverse concatenation: 【)】【(】【)】【(】 mismatch
  operator: 【-】unknown

【&(-((】 = 【<】
  input: 【&】【(】【-】【(】【(】
  left:【&】【(】
  operator: 【-】
  right:【(】【(】
  output: 【<】
  concatenation: 【&】【(】【(】【(】 mismatch
  reverse concatenation: 【(】【(】【&】【(】 mismatch
  operator: 【-】unknown

【$(-(%】 = 【)<】
  input: 【$】【(】【-】【(】【%】
  left:【$】【(】
  operator: 【-】
  right:【(】【%】
  output: 【)】【<】
  concatenation: 【$】【(】【(】【%】 mismatch
  reverse concatenation: 【(】【%】【$】【(】 mismatch
  operator: 【-】unknown

【<%-%$】 = 【??】
  input: 【<】【-】【%】【-】【$】
  left:【<】【-】
  operator: 【%】
  right:【-】【$】
  output: 【?】【?】
  concatenation: 【<】【-】【-】【$】 mismatch
  reverse concatenation: 【-】【$】【<】【-】 mismatch
  operator: 【%】unknown

Question【""$+%%】
  input: 【""】【$】【+】【%】【%】
  left:【""】【$】
  operator:【+】
  right:【%】【%】

The question operator is 【+】, which is unknown.
As the question operator is unknown, we default to concatenation.

  concatenation(【""】【$】, 【%】【%】) = 【""】【$】【%】【%】
  output: 【""$%%】-> 【{""$%%""}】

I will now return the answer in 
The answer in  is 
</think>
</think>
\boxed{""$%%}",cryptarithm_guess,"""$%%",False,-0.23296105861663818
0c0c6320,"In Alice's Wonderland, a secret set of transformation rules is applied to equations. Below are a few examples:
&:->} = [:
|!-!"" = \&
!\-[{ = -\>
&&-[} = >&
||+|} = !:[
Now, determine the result for: >!*|{",""":!|","We need to infer the transformation rule from the examples.
I will put my final answer inside .

【&:->}】 = 【[:】
  input: 【&】【:】【-】【>】【}】
  left:【&】【:】
  operator: 【-】
  right:【>】【}】
  output: 【[】【:】
  concatenation: 【&】【:】【>】【}】 mismatch
  reverse concatenation: 【>】【}】【&】【:】 mismatch
  operator: 【-】unknown

【|!-!""】 = 【\&】
  input: 【|】【!】【-】【!】【""】
  left:【|】【!】
  operator: 【-】
  right:【!】【""】
  output: 【\】【&】
  concatenation: 【|】【!】【!】【""】 mismatch
  reverse concatenation: 【!】【""】【|】【!】 mismatch
  operator: 【-】unknown

【!\-[{】 = 【-\>】
  input: 【!】【\】【-】【[】【{】
  left:【!】【\】
  operator: 【-】
  right:【[】【{】
  output: 【-】【\】【>】
  concatenation: 【!】【\】【[】【{】 mismatch
  reverse concatenation: 【[】【{】【!】【\】 mismatch
  operator: 【-】unknown

【&&-[}】 = 【>&】
  input: 【&】【&】【-】【[】【}】
  left:【&】【&】
  operator: 【-】
  right:【[】【}】
  output: 【>】【&】
  concatenation: 【&】【&】【[】【}】 mismatch
  reverse concatenation: 【[】【}】【&】【&】 mismatch
  operator: 【-】unknown

【||+|}】 = 【!:[】
  input: 【|】【|】【+】【}】【|】
  left:【|】【|】
  operator: 【+】
  right:【}】【|】
  output: 【!】【:】【[】
  concatenation: 【|】【|】【}】【|】 mismatch
  reverse concatenation: 【}】【|】【|】【|】 mismatch
  operator: 【+】unknown

Question【>!*|{】
  input: 【>】【!】【*】【|】【{】
  left:【>】【!】
  operator:【*】
  right:【|】【{】

The question operator is 【*】, which is unknown.
As the question operator is unknown, we default to concatenation.

  concatenation(【>】【!】, 【|】【{】) = 【>】【!】【|】【{】
  output: 【>!|{】-> 【{>!|{}】

I will now return the answer in 
The answer in  is 
</think>
</think>
\boxed{>!|{}",cryptarithm_guess,>!|{,False,-0.9054378271102905
0c30f561,"In Alice's Wonderland, a secret set of transformation rules is applied to equations. Below are a few examples:
\#*<% = ]]\
>^*\> = \^%\
\>*]% = ^#`
]]*^% = `#^`
Now, determine the result for: ^]-^^",-],"We need to infer the transformation rule from the examples.
I will put my final answer inside .

【\#*<%】 = 【]]\】
  input: 【\】【#】【*】【<】【%】
  left:【\】【#】
  operator: 【*】
  right:【<】【%】
  output: 【]】【]】【\】
  concatenation: 【\】【#】【<】【%】 mismatch
  reverse concatenation: 【<】【%】【\】【#】 mismatch
  operator: 【*】unknown

【>^*\>】 = 【\^%\】
  input: 【>】【^】【*】【\】【>】
  left:【>】【^】
  operator: 【*】
  right:【\】【>】
  output: 【\】【^】【%】【\】
  concatenation: 【>】【^】【\】【>】 mismatch
  reverse concatenation: 【\】【>】【>】【^】 mismatch
  operator: 【*】unknown

【\>*]%】 = 【^#`】
  input: 【\】【>】【*】【]】【%】
  left:【\】【>】
  operator: 【*】
  right:【]】【%】
  output: 【^】【#】【`】
  concatenation: 【\】【>】【]】【%】 mismatch
  reverse concatenation: 【]】【%】【\】【>】 mismatch
  operator: 【*】unknown

【]]*^%】 = 【#`^】
  input: 【]】【]】【*】【^】【%】
  left:【]】【]】
  operator: 【*】
  right:【^】【%】
  output: 【#】【`】【^】
  concatenation: 【]】【]】【^】【%】 mismatch
  reverse concatenation: 【^】【%】【]】【]】 mismatch
  operator: 【*】unknown

Question【^]-^^】
  input: 【^】【]】【-】【^】【^】
  left:【^】【]】
  operator:【-】
  right:【^】【^】

The question operator is 【-】, which is unknown.
As the question operator is unknown, we default to concatenation.

  concatenation(【^】【]】, 【^】【^】) = 【^】【]】【^】【^】
  output: 【^]]^】-> 【{^]]^}】

I will now return the answer in 
The answer in  is 
</think>
</think>
\boxed{^]]^}",cryptarithm_guess,^]]^,False,-0.9177941083908081
15950a46,"In Alice's Wonderland, a secret set of transformation rules is applied to equations. Below are a few examples:
['+|[ = |[['
<""+}( = }(<""
<""-@& = -['
Now, determine the result for: <$*}&",}@<[,"We need to infer the transformation rule from the examples.
I will put my final answer inside .

【['+|[】 = 【|[[】
  input: 【[】【'】【+】【|】【[】
  left:【[】【'】
  operator: 【+】
  right:【|】【[】
  output: 【|】【[】【[】
  concatenation: 【[】【'】【|】【[】 mismatch
  reverse concatenation: 【|】【[】【[】【'】 mismatch
  operator: 【+】unknown

【<""+}(】 = 【}(<""】
  input: 【<】【""】【+】【}】【(】
  left:【<】【""】
  operator: 【+】
  right:【}】【(】
  output: 【}】【(】【<】【""】
  concatenation: 【<】【""】【}】【(】 mismatch
  reverse concatenation: 【}】【(】【<】【""】 match
  operator: 【+】reverse concatenation

【<""-@&】 = 【-['】
  input: 【<】【""】【-】【@】【&】
  left:【<】【""】
  operator: 【-】
  right:【@】【&】
  output: 【-】【[】【'】
  concatenation: 【<】【""】【@】【&】 mismatch
  reverse concatenation: 【@】【&】【<】【""】 mismatch
  operator: 【-】unknown

Question【<$*}&】
  input: 【<】【$】【*】【}】【&】
  left:【<】【$】
  operator:【*】
  right:【}】【&】

The question operator is 【*】, which is unknown.
As the question operator is unknown, we default to concatenation.

  concatenation(【<】【$】, 【}】【&】) = 【<】【$】【}】【&】
  output: 【<$}&】-> 【{<$}&}】

I will now return the answer in 
The answer in  is 
</think>
</think>
\boxed{<$}&}",cryptarithm_guess,<$,False,-0.3875296115875244
17d40290,"In Alice's Wonderland, a secret set of transformation rules is applied to equations. Below are a few examples:
!}*[| = }|/""
$?*$"" = ||$:
[/*!} = }/}""
/""+/| = %""!
Now, determine the result for: }""-}!",$:,"We need to infer the transformation rule from the examples.
I will put my final answer inside .

【!}*[|】 = 【}|/】
  input: 【!】【}】【*】【[】【|】
  left:【!】【}】
  operator: 【*】
  right:【[】【|】
  output: 【}】【|】【/】
  concatenation: 【!】【}】【[】【|】 mismatch
  reverse concatenation: 【[】【|】【!】【}】 mismatch
  operator: 【*】unknown

【$?*$""】 = 【||$:】
  input: 【$】【?】【*】【$】【""】
  left:【$】【?】
  operator: 【*】
  right:【$】【""】
  output: 【|】【|】【$】【:】
  concatenation: 【$】【?】【$】【""】 mismatch
  reverse concatenation: 【$】【""】【$】【?】 mismatch
  operator: 【*】unknown

【[/*!}】 = 【}/""}】
  input: 【[】【/】【*】【!】【}】
  left:【[】【/】
  operator: 【*】
  right:【!】【}】
  output: 【}】【/】【""】【}】
  concatenation: 【[】【/】【!】【}】 mismatch
  reverse concatenation: 【!】【}】【[】【/】 mismatch
  operator: 【*】unknown

【/""+ /|】 = 【%""!】
  input: 【/】【""】【+】【 /】【|】
  left:【/】【""】
  operator: 【+】
  right:【 /】【|】
  output: 【%】【""】【!】
  concatenation: 【/】【""】【 /】【|】 mismatch
  reverse concatenation: 【 /】【|】【/】【""】 mismatch
  operator: 【+】unknown

Question【}""-}!】
  input: 【}】【""】【-】【}】【!】
  left:【}】【""】
  operator:【-】
  right:【}】【!】

The question operator is 【-】, which is unknown.
As the question operator is unknown, we default to concatenation.

  concatenation(【}】【""】, 【}】【!】) = 【}】【""】【}】【!】
  output: 【{""}!)】-> 【{{""}!}】

I will now return the answer in 
The answer in  is 
</think>
</think>
\boxed{{""}!}",cryptarithm_guess,"{""",False,-0.8935335278511047
18bce168,"In Alice's Wonderland, a secret set of transformation rules is applied to equations. Below are a few examples:
&}'){ = @{}
<^?&@ = ?@`
`)'$$ = @`@
Now, determine the result for: &}:))",@&`{,"We need to infer the transformation rule from the examples.
I will put my final answer inside .

【&}'){】 = 【@%】
  input: 【&】【}】【'】【)】【{】
  left:【&】【}】
  operator: 【'】
  right:【)】【{】
  output: 【@】【%】
  concatenation: 【&】【}】【)】【{】 mismatch
  reverse concatenation: 【)】【{】【&】【}】 mismatch
  operator: 【'】unknown

【<^?&@】 = 【?@`】
  input: 【<】【^】【?】【&】【@】
  left:【<】【^】
  operator: 【?】
  right:【&】【@】
  output: 【?】【@】【`】
  concatenation: 【<】【^】【&】【@】 mismatch
  reverse concatenation: 【&】【@】【<】【^】 mismatch
  operator: 【?】unknown

【`)'$$】 = 【@`@】
  input: 【`】【)】【'】【$】【$】
  left:【`】【)】
  operator: 【'】
  right:【$】【$】
  output: 【@】【`】【@】
  concatenation: 【`】【)】【$】【$】 mismatch
  reverse concatenation: 【$】【$】【`】【)】 mismatch
  operator: 【'】unknown

Question【&}):))
  input: 【&】【}】【)】【:】【)】
  left:【&】【}】
  operator:【)】
  right:【:】【)】

The question operator is 【)】, which is unknown.
As the question operator is unknown, we default to concatenation.

  concatenation(【&】【}】, 【:】【)】) = 【&】【}】【:】【)】
  output: 【&}:)】-> 【{&}:)?】-> 【{&}?)】-> 【{&?}】

I will now return the answer in 
The answer in  is 
</think>
</think>
\boxed{&}?)}",cryptarithm_guess,&,False,-1.231701374053955
